Benchmark,Return_%,MaxDD_%,Sharpe
沪深300,13.850583186852795,-13.017890772128094,0.8464536131710811
中证500,33.73607190201706,-17.910447761193915,1.5912003207987393
