{
  "params": {
    "T": 10,
    "top_n": 5
  },
  "initialized": true,
  "tranches": [
    {
      "id": 0,
      "cash": 294624.3428571429,
      "holdings": {},
      "pos_records": {},
      "total_value": 294624.3428571429,
      "guard_triggered_today": false
    },
    {
      "id": 1,
      "cash": 122404.54285714263,
      "holdings": {
        "SZSE.159206": 22200,
        "SZSE.159378": 28200,
        "SHSE.512710": 48000,
        "SZSE.159638": 18100,
        "SZSE.159227": 14100
      },
      "pos_records": {
        "SZSE.159206": {
          "entry_price": 1.937,
          "high_price": 1.937
        },
        "SZSE.159378": {
          "entry_price": 1.525,
          "high_price": 1.525
        },
        "SHSE.512710": {
          "entry_price": 0.897,
          "high_price": 0.897
        },
        "SZSE.159638": {
          "entry_price": 1.187,
          "high_price": 1.187
        },
        "SZSE.159227": {
          "entry_price": 1.521,
          "high_price": 1.521
        }
      },
      "total_value": 294397.7428571426,
      "guard_triggered_today": false
    },
    {
      "id": 2,
      "cash": 307.9428571429089,
      "holdings": {
        "SHSE.560860": 24700,
        "SHSE.512400": 20800,
        "SZSE.159852": 42300,
        "SHSE.516650": 10500,
        "SZSE.159516": 12000
      },
      "pos_records": {
        "SHSE.560860": {
          "entry_price": 1.784,
          "high_price": 1.86
        },
        "SHSE.512400": {
          "entry_price": 2.118,
          "high_price": 2.253
        },
        "SZSE.159852": {
          "entry_price": 1.041,
          "high_price": 1.06
        },
        "SHSE.516650": {
          "entry_price": 2.09,
          "high_price": 2.205
        },
        "SZSE.159516": {
          "entry_price": 1.823,
          "high_price": 1.964
        }
      },
      "total_value": 179717.54285714292,
      "guard_triggered_today": false
    },
    {
      "id": 3,
      "cash": 336.5428571429984,
      "holdings": {
        "SHSE.512400": 19100,
        "SHSE.516650": 19400,
        "SZSE.159638": 33600,
        "SZSE.159870": 24100,
        "SZSE.159227": 13300
      },
      "pos_records": {
        "SHSE.512400": {
          "entry_price": 2.141,
          "high_price": 2.253
        },
        "SHSE.516650": {
          "entry_price": 2.112,
          "high_price": 2.205
        },
        "SZSE.159638": {
          "entry_price": 1.221,
          "high_price": 1.221
        },
        "SZSE.159870": {
          "entry_price": 0.851,
          "high_price": 0.918
        },
        "SZSE.159227": {
          "entry_price": 1.543,
          "high_price": 1.543
        }
      },
      "total_value": 167650.04285714298,
      "guard_triggered_today": false
    },
    {
      "id": 4,
      "cash": 416.84285714279576,
      "holdings": {
        "SZSE.159516": 18100,
        "SZSE.159638": 26800,
        "SHSE.512710": 35700,
        "SHSE.512670": 15800,
        "SZSE.159227": 10600
      },
      "pos_records": {
        "SZSE.159516": {
          "entry_price": 1.805,
          "high_price": 1.964
        },
        "SZSE.159638": {
          "entry_price": 1.219,
          "high_price": 1.219
        },
        "SHSE.512710": {
          "entry_price": 0.917,
          "high_price": 0.917
        },
        "SHSE.512670": {
          "entry_price": 1.035,
          "high_price": 1.035
        },
        "SZSE.159227": {
          "entry_price": 1.539,
          "high_price": 1.539
        }
      },
      "total_value": 131035.64285714278,
      "guard_triggered_today": false
    },
    {
      "id": 5,
      "cash": 239.1428571428296,
      "holdings": {
        "SZSE.159206": 19200,
        "SHSE.512710": 43300,
        "SZSE.159638": 32700,
        "SZSE.159378": 12400,
        "SHSE.512670": 18800
      },
      "pos_records": {
        "SZSE.159206": {
          "entry_price": 1.968,
          "high_price": 1.975
        },
        "SHSE.512710": {
          "entry_price": 0.873,
          "high_price": 0.897
        },
        "SZSE.159638": {
          "entry_price": 1.156,
          "high_price": 1.187
        },
        "SZSE.159378": {
          "entry_price": 1.514,
          "high_price": 1.539
        },
        "SHSE.512670": {
          "entry_price": 1.003,
          "high_price": 1.031
        }
      },
      "total_value": 153377.34285714282,
      "guard_triggered_today": false
    },
    {
      "id": 6,
      "cash": 238.84285714301586,
      "holdings": {
        "SZSE.159206": 32100,
        "SHSE.512670": 62900,
        "SZSE.159638": 55000,
        "SHSE.512710": 36800,
        "SZSE.159378": 21000
      },
      "pos_records": {
        "SZSE.159206": {
          "entry_price": 1.974,
          "high_price": 1.975
        },
        "SHSE.512670": {
          "entry_price": 1.007,
          "high_price": 1.031
        },
        "SZSE.159638": {
          "entry_price": 1.151,
          "high_price": 1.187
        },
        "SHSE.512710": {
          "entry_price": 0.861,
          "high_price": 0.897
        },
        "SZSE.159378": {
          "entry_price": 1.506,
          "high_price": 1.539
        }
      },
      "total_value": 257586.042857143,
      "guard_triggered_today": false
    },
    {
      "id": 7,
      "cash": 351.74285714283906,
      "holdings": {
        "SHSE.512710": 65700,
        "SZSE.159638": 49700,
        "SHSE.512670": 57100,
        "SZSE.159206": 14800,
        "SZSE.159227": 19400
      },
      "pos_records": {
        "SHSE.512710": {
          "entry_price": 0.893,
          "high_price": 0.897
        },
        "SZSE.159638": {
          "entry_price": 1.181,
          "high_price": 1.187
        },
        "SHSE.512670": {
          "entry_price": 1.028,
          "high_price": 1.031
        },
        "SZSE.159206": {
          "entry_price": 1.975,
          "high_price": 1.975
        },
        "SZSE.159227": {
          "entry_price": 1.514,
          "high_price": 1.521
        }
      },
      "total_value": 235323.64285714284,
      "guard_triggered_today": false
    },
    {
      "id": 8,
      "cash": 85518.04285714301,
      "holdings": {
        "SZSE.159206": 16900,
        "SHSE.512980": 27100,
        "SHSE.512710": 37000,
        "SHSE.516650": 7400,
        "SZSE.159638": 14000
      },
      "pos_records": {
        "SZSE.159206": {
          "entry_price": 1.895,
          "high_price": 1.937
        },
        "SHSE.512980": {
          "entry_price": 1.18,
          "high_price": 1.181
        },
        "SHSE.512710": {
          "entry_price": 0.866,
          "high_price": 0.897
        },
        "SHSE.516650": {
          "entry_price": 2.145,
          "high_price": 2.205
        },
        "SZSE.159638": {
          "entry_price": 1.145,
          "high_price": 1.187
        }
      },
      "total_value": 216227.042857143,
      "guard_triggered_today": false
    },
    {
      "id": 9,
      "cash": 69617.84285714274,
      "holdings": {
        "SZSE.159206": 18900,
        "SHSE.512980": 30000,
        "SHSE.560860": 19000,
        "SHSE.512710": 20300,
        "SZSE.159638": 15400
      },
      "pos_records": {
        "SZSE.159206": {
          "entry_price": 1.873,
          "high_price": 1.937
        },
        "SHSE.512980": {
          "entry_price": 1.179,
          "high_price": 1.181
        },
        "SHSE.560860": {
          "entry_price": 1.86,
          "high_price": 1.86
        },
        "SHSE.512710": {
          "entry_price": 0.869,
          "high_price": 0.897
        },
        "SZSE.159638": {
          "entry_price": 1.149,
          "high_price": 1.187
        }
      },
      "total_value": 213353.04285714272,
      "guard_triggered_today": false
    }
  ]
}