{
  "params": {
    "T": 10,
    "top_n": 8
  },
  "initialized": true,
  "tranches": [
    {
      "id": 0,
      "cash": 71418.50000000009,
      "holdings": {
        "SZSE.159206": 9600,
        "SZSE.159998": 16300,
        "SHSE.512710": 21600,
        "SZSE.159378": 12400
      },
      "pos_records": {
        "SZSE.159206": {
          "entry_price": 1.968,
          "high_price": 1.975
        },
        "SZSE.159998": {
          "entry_price": 1.156,
          "high_price": 1.156
        },
        "SHSE.512710": {
          "entry_price": 0.873,
          "high_price": 0.897
        },
        "SZSE.159378": {
          "entry_price": 1.514,
          "high_price": 1.539
        }
      },
      "total_value": 146685.30000000008,
      "guard_triggered_today": false
    },
    {
      "id": 1,
      "cash": 22699.400000000114,
      "holdings": {
        "SHSE.560860": 12700,
        "SHSE.512400": 10700,
        "SZSE.159516": 11900,
        "SHSE.512980": 19600,
        "SHSE.516650": 10900,
        "SHSE.515400": 21200,
        "SZSE.159852": 23100
      },
      "pos_records": {
        "SHSE.560860": {
          "entry_price": 1.835,
          "high_price": 1.86
        },
        "SHSE.512400": {
          "entry_price": 2.175,
          "high_price": 2.253
        },
        "SZSE.159516": {
          "entry_price": 1.964,
          "high_price": 1.964
        },
        "SHSE.512980": {
          "entry_price": 1.189,
          "high_price": 1.189
        },
        "SHSE.516650": {
          "entry_price": 2.127,
          "high_price": 2.205
        },
        "SHSE.515400": {
          "entry_price": 1.099,
          "high_price": 1.099
        },
        "SZSE.159852": {
          "entry_price": 1.011,
          "high_price": 1.011
        }
      },
      "total_value": 185092.7000000001,
      "guard_triggered_today": false
    },
    {
      "id": 2,
      "cash": 14652.70000000007,
      "holdings": {
        "SZSE.159516": 7500,
        "SZSE.159599": 6200,
        "SHSE.560860": 8000,
        "SZSE.159995": 7400,
        "SHSE.512980": 12400,
        "SHSE.515400": 13700,
        "SZSE.159852": 14900
      },
      "pos_records": {
        "SZSE.159516": {
          "entry_price": 1.954,
          "high_price": 1.954
        },
        "SZSE.159599": {
          "entry_price": 2.372,
          "high_price": 2.451
        },
        "SHSE.560860": {
          "entry_price": 1.826,
          "high_price": 1.86
        },
        "SZSE.159995": {
          "entry_price": 1.98,
          "high_price": 2.057
        },
        "SHSE.512980": {
          "entry_price": 1.185,
          "high_price": 1.185
        },
        "SHSE.515400": {
          "entry_price": 1.076,
          "high_price": 1.076
        },
        "SZSE.159852": {
          "entry_price": 0.985,
          "high_price": 0.985
        }
      },
      "total_value": 117900.70000000008,
      "guard_triggered_today": false
    },
    {
      "id": 3,
      "cash": 858.0999999999549,
      "holdings": {
        "SZSE.159326": 10300,
        "SZSE.159516": 9500,
        "SHSE.560860": 10200,
        "SHSE.517520": 7600,
        "SHSE.512710": 21500,
        "SZSE.159206": 9800,
        "SZSE.159599": 7800,
        "SZSE.159667": 10700
      },
      "pos_records": {
        "SZSE.159326": {
          "entry_price": 1.8,
          "high_price": 1.8
        },
        "SZSE.159516": {
          "entry_price": 1.942,
          "high_price": 1.945
        },
        "SHSE.560860": {
          "entry_price": 1.821,
          "high_price": 1.86
        },
        "SHSE.517520": {
          "entry_price": 2.445,
          "high_price": 2.591
        },
        "SHSE.512710": {
          "entry_price": 0.866,
          "high_price": 0.897
        },
        "SZSE.159206": {
          "entry_price": 1.895,
          "high_price": 1.937
        },
        "SZSE.159599": {
          "entry_price": 2.362,
          "high_price": 2.451
        },
        "SZSE.159667": {
          "entry_price": 1.729,
          "high_price": 1.792
        }
      },
      "total_value": 151749.99999999994,
      "guard_triggered_today": false
    },
    {
      "id": 4,
      "cash": 630.7000000000662,
      "holdings": {
        "SHSE.517520": 8000,
        "SZSE.159326": 11700,
        "SZSE.159516": 10700,
        "SZSE.159599": 8500,
        "SHSE.560860": 11200,
        "SZSE.159995": 10100,
        "SHSE.512400": 9200,
        "SHSE.512980": 17600
      },
      "pos_records": {
        "SHSE.517520": {
          "entry_price": 2.591,
          "high_price": 2.591
        },
        "SZSE.159326": {
          "entry_price": 1.779,
          "high_price": 1.779
        },
        "SZSE.159516": {
          "entry_price": 1.945,
          "high_price": 1.945
        },
        "SZSE.159599": {
          "entry_price": 2.451,
          "high_price": 2.451
        },
        "SHSE.560860": {
          "entry_price": 1.86,
          "high_price": 1.86
        },
        "SZSE.159995": {
          "entry_price": 2.057,
          "high_price": 2.057
        },
        "SHSE.512400": {
          "entry_price": 2.253,
          "high_price": 2.253
        },
        "SHSE.512980": {
          "entry_price": 1.179,
          "high_price": 1.181
        }
      },
      "total_value": 165409.80000000008,
      "guard_triggered_today": false
    },
    {
      "id": 5,
      "cash": 134844.30000000005,
      "holdings": {},
      "pos_records": {},
      "total_value": 134844.30000000005,
      "guard_triggered_today": true
    },
    {
      "id": 6,
      "cash": 133648.90000000008,
      "holdings": {},
      "pos_records": {},
      "total_value": 133648.90000000008,
      "guard_triggered_today": true
    },
    {
      "id": 7,
      "cash": 148516.20000000016,
      "holdings": {},
      "pos_records": {},
      "total_value": 148516.20000000016,
      "guard_triggered_today": false
    },
    {
      "id": 8,
      "cash": 173363.5,
      "holdings": {},
      "pos_records": {},
      "total_value": 173363.5,
      "guard_triggered_today": false
    },
    {
      "id": 9,
      "cash": 176941.89999999994,
      "holdings": {},
      "pos_records": {},
      "total_value": 176941.89999999994,
      "guard_triggered_today": false
    }
  ]
}