{
  "params": {
    "T": 14,
    "top_n": 5
  },
  "initialized": true,
  "tranches": [
    {
      "id": 0,
      "cash": 385.27142857145736,
      "holdings": {
        "SZSE.159206": 11200,
        "SHSE.512980": 19300,
        "SZSE.159227": 14700,
        "SZSE.159638": 18500,
        "SHSE.512710": 25300
      },
      "pos_records": {
        "SZSE.159206": {
          "entry_price": 2.201,
          "high_price": 2.201
        },
        "SHSE.512980": {
          "entry_price": 1.283,
          "high_price": 1.322
        },
        "SZSE.159227": {
          "entry_price": 1.682,
          "high_price": 1.682
        },
        "SZSE.159638": {
          "entry_price": 1.335,
          "high_price": 1.335
        },
        "SHSE.512710": {
          "entry_price": 0.979,
          "high_price": 0.979
        }
      },
      "total_value": 111885.27142857146
    },
    {
      "id": 1,
      "cash": 73043.07142857145,
      "holdings": {},
      "pos_records": {},
      "total_value": 73043.07142857145
    },
    {
      "id": 2,
      "cash": 448.87142857136496,
      "holdings": {
        "SHSE.512980": 15600,
        "SZSE.159206": 9700,
        "SZSE.159326": 12700,
        "SZSE.159852": 19500,
        "SZSE.159638": 17000
      },
      "pos_records": {
        "SHSE.512980": {
          "entry_price": 1.322,
          "high_price": 1.322
        },
        "SZSE.159206": {
          "entry_price": 2.129,
          "high_price": 2.129
        },
        "SZSE.159326": {
          "entry_price": 1.621,
          "high_price": 1.82
        },
        "SZSE.159852": {
          "entry_price": 1.06,
          "high_price": 1.06
        },
        "SZSE.159638": {
          "entry_price": 1.219,
          "high_price": 1.219
        }
      },
      "total_value": 99244.77142857136
    },
    {
      "id": 3,
      "cash": 290.8714285714668,
      "holdings": {
        "SHSE.515400": 12900,
        "SHSE.512980": 11600,
        "SZSE.159206": 7400,
        "SZSE.159852": 14000,
        "SZSE.159638": 12600
      },
      "pos_records": {
        "SHSE.515400": {
          "entry_price": 1.127,
          "high_price": 1.127
        },
        "SHSE.512980": {
          "entry_price": 1.259,
          "high_price": 1.259
        },
        "SZSE.159206": {
          "entry_price": 1.968,
          "high_price": 1.975
        },
        "SZSE.159852": {
          "entry_price": 1.04,
          "high_price": 1.04
        },
        "SZSE.159638": {
          "entry_price": 1.156,
          "high_price": 1.187
        }
      },
      "total_value": 70841.07142857146
    },
    {
      "id": 4,
      "cash": 429.4714285714472,
      "holdings": {
        "SZSE.159516": 5900,
        "SHSE.512400": 5300,
        "SHSE.512980": 9700,
        "SHSE.517520": 4900,
        "SZSE.159326": 6800
      },
      "pos_records": {
        "SZSE.159516": {
          "entry_price": 1.964,
          "high_price": 1.964
        },
        "SHSE.512400": {
          "entry_price": 2.175,
          "high_price": 2.253
        },
        "SHSE.512980": {
          "entry_price": 1.189,
          "high_price": 1.189
        },
        "SHSE.517520": {
          "entry_price": 2.324,
          "high_price": 2.591
        },
        "SZSE.159326": {
          "entry_price": 1.689,
          "high_price": 1.82
        }
      },
      "total_value": 59402.27142857145
    },
    {
      "id": 5,
      "cash": 249.17142857146246,
      "holdings": {
        "SZSE.159516": 12500,
        "SZSE.159599": 10300,
        "SHSE.512980": 20600,
        "SZSE.159206": 12400
      },
      "pos_records": {
        "SZSE.159516": {
          "entry_price": 1.954,
          "high_price": 1.954
        },
        "SZSE.159599": {
          "entry_price": 2.372,
          "high_price": 2.451
        },
        "SHSE.512980": {
          "entry_price": 1.185,
          "high_price": 1.185
        },
        "SZSE.159206": {
          "entry_price": 1.975,
          "high_price": 1.975
        }
      },
      "total_value": 97424.87142857147
    },
    {
      "id": 6,
      "cash": 388.3714285713759,
      "holdings": {
        "SZSE.159326": 10000,
        "SZSE.159516": 9200,
        "SHSE.512710": 20800,
        "SZSE.159227": 12200,
        "SZSE.159870": 20000
      },
      "pos_records": {
        "SZSE.159326": {
          "entry_price": 1.8,
          "high_price": 1.8
        },
        "SZSE.159516": {
          "entry_price": 1.942,
          "high_price": 1.945
        },
        "SHSE.512710": {
          "entry_price": 0.866,
          "high_price": 0.897
        },
        "SZSE.159227": {
          "entry_price": 1.466,
          "high_price": 1.521
        },
        "SZSE.159870": {
          "entry_price": 0.9,
          "high_price": 0.918
        }
      },
      "total_value": 91002.97142857137
    },
    {
      "id": 7,
      "cash": 290.5714285714603,
      "holdings": {
        "SHSE.517520": 10600,
        "SZSE.159745": 39800,
        "SZSE.159326": 15500,
        "SZSE.159516": 14200,
        "SZSE.159731": 25100
      },
      "pos_records": {
        "SHSE.517520": {
          "entry_price": 2.591,
          "high_price": 2.591
        },
        "SZSE.159745": {
          "entry_price": 0.694,
          "high_price": 0.721
        },
        "SZSE.159326": {
          "entry_price": 1.779,
          "high_price": 1.779
        },
        "SZSE.159516": {
          "entry_price": 1.945,
          "high_price": 1.945
        },
        "SZSE.159731": {
          "entry_price": 1.1,
          "high_price": 1.1
        }
      },
      "total_value": 136010.67142857146
    },
    {
      "id": 8,
      "cash": 345.17142857143335,
      "holdings": {
        "SZSE.159731": 13400,
        "SHSE.517520": 5400,
        "SZSE.159995": 6700,
        "SZSE.159326": 7800,
        "SZSE.159870": 15000
      },
      "pos_records": {
        "SZSE.159731": {
          "entry_price": 1.026,
          "high_price": 1.026
        },
        "SHSE.517520": {
          "entry_price": 2.554,
          "high_price": 2.554
        },
        "SZSE.159995": {
          "entry_price": 2.045,
          "high_price": 2.045
        },
        "SZSE.159326": {
          "entry_price": 1.757,
          "high_price": 1.757
        },
        "SZSE.159870": {
          "entry_price": 0.918,
          "high_price": 0.918
        }
      },
      "total_value": 69061.27142857143
    },
    {
      "id": 9,
      "cash": 553.071428571393,
      "holdings": {
        "SZSE.159745": 16600,
        "SHSE.517520": 4600,
        "SZSE.159227": 7800,
        "SZSE.159731": 11600,
        "SZSE.159326": 6800
      },
      "pos_records": {
        "SZSE.159745": {
          "entry_price": 0.721,
          "high_price": 0.721
        },
        "SHSE.517520": {
          "entry_price": 2.554,
          "high_price": 2.554
        },
        "SZSE.159227": {
          "entry_price": 1.521,
          "high_price": 1.521
        },
        "SZSE.159731": {
          "entry_price": 1.026,
          "high_price": 1.026
        },
        "SZSE.159326": {
          "entry_price": 1.757,
          "high_price": 1.757
        }
      },
      "total_value": 59983.07142857139
    },
    {
      "id": 10,
      "cash": 185.87142857146318,
      "holdings": {
        "SHSE.517520": 7500,
        "SZSE.159259": 16600,
        "SZSE.159731": 18800,
        "SZSE.159870": 21000,
        "SZSE.159745": 26700
      },
      "pos_records": {
        "SHSE.517520": {
          "entry_price": 2.554,
          "high_price": 2.554
        },
        "SZSE.159259": {
          "entry_price": 1.162,
          "high_price": 1.162
        },
        "SZSE.159731": {
          "entry_price": 1.026,
          "high_price": 1.026
        },
        "SZSE.159870": {
          "entry_price": 0.918,
          "high_price": 0.918
        },
        "SZSE.159745": {
          "entry_price": 0.721,