{
  "params": {
    "T": 12,
    "top_n": 5
  },
  "initialized": true,
  "tranches": [
    {
      "id": 0,
      "cash": 21223.733333333163,
      "holdings": {
        "SHSE.512980": 18100,
        "SHSE.512710": 26100,
        "SZSE.159638": 19600,
        "SZSE.159852": 22600
      },
      "pos_records": {
        "SHSE.512980": {
          "entry_price": 1.322,
          "high_price": 1.322
        },
        "SHSE.512710": {
          "entry_price": 0.917,
          "high_price": 0.917
        },
        "SZSE.159638": {
          "entry_price": 1.219,
          "high_price": 1.219
        },
        "SZSE.159852": {
          "entry_price": 1.06,
          "high_price": 1.06
        }
      },
      "total_value": 111402.13333333316,
      "guard_triggered_today": false
    },
    {
      "id": 1,
      "cash": 122511.23333333337,
      "holdings": {},
      "pos_records": {},
      "total_value": 122511.23333333337,
      "guard_triggered_today": false
    },
    {
      "id": 2,
      "cash": 451.9333333332943,
      "holdings": {
        "SHSE.512980": 19000,
        "SZSE.159206": 11400,
        "SZSE.159516": 11500,
        "SHSE.560860": 12300,
        "SHSE.512400": 10400
      },
      "pos_records": {
        "SHSE.512980": {
          "entry_price": 1.189,
          "high_price": 1.189
        },
        "SZSE.159206": {
          "entry_price": 1.974,
          "high_price": 1.975
        },
        "SZSE.159516": {
          "entry_price": 1.964,
          "high_price": 1.964
        },
        "SHSE.560860": {
          "entry_price": 1.835,
          "high_price": 1.86
        },
        "SHSE.512400": {
          "entry_price": 2.175,
          "high_price": 2.253
        }
      },
      "total_value": 112857.5333333333,
      "guard_triggered_today": false
    },
    {
      "id": 3,
      "cash": 289.9333333332579,
      "holdings": {
        "SZSE.159516": 12300,
        "SZSE.159206": 12200,
        "SHSE.512980": 20400,
        "SZSE.159599": 10200
      },
      "pos_records": {
        "SZSE.159516": {
          "entry_price": 1.954,
          "high_price": 1.954
        },
        "SZSE.159206": {
          "entry_price": 1.975,
          "high_price": 1.975
        },
        "SHSE.512980": {
          "entry_price": 1.185,
          "high_price": 1.185
        },
        "SZSE.159599": {
          "entry_price": 2.372,
          "high_price": 2.451
        }
      },
      "total_value": 96218.63333333326,
      "guard_triggered_today": false
    },
    {
      "id": 4,
      "cash": 496.1333333333714,
      "holdings": {
        "SZSE.159516": 8500,
        "SZSE.159326": 9200,
        "SZSE.159206": 8700,
        "SZSE.159766": 19900,
        "SHSE.512710": 19200
      },
      "pos_records": {
        "SZSE.159516": {
          "entry_price": 1.942,
          "high_price": 1.945
        },
        "SZSE.159326": {
          "entry_price": 1.8,
          "high_price": 1.8
        },
        "SZSE.159206": {
          "entry_price": 1.895,
          "high_price": 1.937
        },
        "SZSE.159766": {
          "entry_price": 0.835,
          "high_price": 0.835
        },
        "SHSE.512710": {
          "entry_price": 0.866,
          "high_price": 0.897
        }
      },
      "total_value": 83293.83333333337,
      "guard_triggered_today": false
    },
    {
      "id": 5,
      "cash": 252.4333333332761,
      "holdings": {
        "SZSE.159516": 8700,
        "SZSE.159326": 9500,
        "SHSE.517520": 6500,
        "SZSE.159206": 9000,
        "SZSE.159745": 24300
      },
      "pos_records": {
        "SZSE.159516": {
          "entry_price": 1.945,
          "high_price": 1.945
        },
        "SZSE.159326": {
          "entry_price": 1.779,
          "high_price": 1.779
        },
        "SHSE.517520": {
          "entry_price": 2.591,
          "high_price": 2.591
        },
        "SZSE.159206": {
          "entry_price": 1.873,
          "high_price": 1.937
        },
        "SZSE.159745": {
          "entry_price": 0.694,
          "high_price": 0.721
        }
      },
      "total_value": 85019.53333333328,
      "guard_triggered_today": false
    },
    {
      "id": 6,
      "cash": 590.9333333332706,
      "holdings": {
        "SZSE.159731": 13800,
        "SHSE.517520": 5500,
        "SZSE.159326": 8000,
        "SZSE.159206": 7300,
        "SZSE.159599": 5800
      },
      "pos_records": {
        "SZSE.159731": {
          "entry_price": 1.026,
          "high_price": 1.026
        },
        "SHSE.517520": {
          "entry_price": 2.554,
          "high_price": 2.554
        },
        "SZSE.159326": {
          "entry_price": 1.757,
          "high_price": 1.757
        },
        "SZSE.159206": {
          "entry_price": 1.937,
          "high_price": 1.937
        },
        "SZSE.159599": {
          "entry_price": 2.436,
          "high_price": 2.436
        }
      },
      "total_value": 71121.63333333327,
      "guard_triggered_today": false
    },
    {
      "id": 7,
      "cash": 398.33333333341216,
      "holdings": {
        "SHSE.517520": 7700,
        "SZSE.159227": 12900,
        "SZSE.159745": 27300,
        "SZSE.159206": 10100,
        "SZSE.159638": 16500
      },
      "pos_records": {
        "SHSE.517520": {
          "entry_price": 2.554,
          "high_price": 2.554
        },
        "SZSE.159227": {
          "entry_price": 1.521,
          "high_price": 1.521
        },
        "SZSE.159745": {
          "entry_price": 0.721,
          "high_price": 0.721
        },
        "SZSE.159206": {
          "entry_price": 1.937,
          "high_price": 1.937
        },
        "SZSE.159638": {
          "entry_price": 1.187,
          "high_price": 1.187
        }
      },
      "total_value": 98517.53333333341,
      "guard_triggered_today": false
    },
    {
      "id": 8,
      "cash": 333.2333333334009,
      "holdings": {
        "SHSE.517520": 5000,
        "SZSE.159638": 10700,
        "SHSE.512710": 14200,
        "SZSE.159206": 6600,
        "SZSE.159326": 7200
      },
      "pos_records": {
        "SHSE.517520": {
          "entry_price": 2.554,
          "high_price": 2.554
        },
        "SZSE.159638": {
          "entry_price": 1.187,
          "high_price": 1.187
        },
        "SHSE.512710": {
          "entry_price": 0.897,
          "high_price": 0.897
        },
        "SZSE.159206": {
          "entry_price": 1.937,
          "high_price": 1.937
        },
        "SZSE.159326": {
          "entry_price": 1.757,
          "high_price": 1.757
        }
      },
      "total_value": 63976.13333333341,
      "guard_triggered_today": false
    },
    {
      "id": 9,
      "cash": 60094.63333333337,
      "holdings": {
        "SZSE.159516": 8300
      },
      "pos_records": {
        "SZSE.159516": {
          "entry_price": 1.8,
          "high_price": 1.964
        }
      },
      "total_value": 75856.33333333337,
      "guard_triggered_today": false
    },
    {
      "id": 10,
      "cash": 94856.73333333335,
      "holdings": {
        "SHSE.512980": 21200
      },
      "pos_records": {
        "SHSE.512980": {
          "entry_price": 1.283,
          "high_price": 1.322
        }
      },
      "total_value": 119893.93333333335,
      "guard_triggered_today": false
    },
    {
      "id": 11,
      "cash": 243.13333333334958,
      "holdings": {
        "SZSE.159206": 10100,
        "SHSE.512710": 23500,
        "SHSE.512980": 16500,
        "SZSE.159638": 17400,
        "SZSE.159227": 13800
      },
      "pos_records": {
        "SZSE.159206": {
          "entry_price": 2.102,
          "high_price": 2.129
        },
        "SHSE.512710": {
          "entry_price": 0.906,
          "high_price": 0.917
        },
        "SHSE.512980": {
          "entry_price": 1.289,
          "high_price": 1.322
        },
        "SZSE.159638": {
          "entry_price": 1.221,
          "high_price": 1.221
        },