{
  "params": {
    "T": 10,
    "top_n": 5
  },
  "initialized": true,
  "tranches": [
    {
      "id": 0,
      "cash": 440.80000000007203,
      "holdings": {
        "SZSE.159516": 10500,
        "SZSE.159326": 11400,
        "SZSE.159206": 10800,
        "SZSE.159766": 24600,
        "SHSE.512710": 23700
      },
      "pos_records": {
        "SZSE.159516": {
          "entry_price": 1.942,
          "high_price": 1.945
        },
        "SZSE.159326": {
          "entry_price": 1.8,
          "high_price": 1.8
        },
        "SZSE.159206": {
          "entry_price": 1.895,
          "high_price": 1.937
        },
        "SZSE.159766": {
          "entry_price": 0.835,
          "high_price": 0.835
        },
        "SHSE.512710": {
          "entry_price": 0.866,
          "high_price": 0.897
        }
      },
      "total_value": 102883.60000000006,
      "guard_triggered_today": false
    },
    {
      "id": 1,
      "cash": 511.60000000011496,
      "holdings": {
        "SZSE.159516": 13900,
        "SZSE.159326": 15200,
        "SHSE.517520": 10400,
        "SZSE.159206": 14400,
        "SZSE.159745": 39000
      },
      "pos_records": {
        "SZSE.159516": {
          "entry_price": 1.945,
          "high_price": 1.945
        },
        "SZSE.159326": {
          "entry_price": 1.779,
          "high_price": 1.779
        },
        "SHSE.517520": {
          "entry_price": 2.591,
          "high_price": 2.591
        },
        "SZSE.159206": {
          "entry_price": 1.873,
          "high_price": 1.937
        },
        "SZSE.159745": {
          "entry_price": 0.694,
          "high_price": 0.721
        }
      },
      "total_value": 136187.50000000012,
      "guard_triggered_today": false
    },
    {
      "id": 2,
      "cash": 553.7999999999811,
      "holdings": {
        "SZSE.159731": 13200,
        "SHSE.517520": 5300,
        "SZSE.159326": 7700,
        "SZSE.159206": 7000,
        "SZSE.159599": 5500
      },
      "pos_records": {
        "SZSE.159731": {
          "entry_price": 1.026,
          "high_price": 1.026
        },
        "SHSE.517520": {
          "entry_price": 2.554,
          "high_price": 2.554
        },
        "SZSE.159326": {
          "entry_price": 1.757,
          "high_price": 1.757
        },
        "SZSE.159206": {
          "entry_price": 1.937,
          "high_price": 1.937
        },
        "SZSE.159599": {
          "entry_price": 2.436,
          "high_price": 2.436
        }
      },
      "total_value": 68119.09999999998,
      "guard_triggered_today": false
    },
    {
      "id": 3,
      "cash": 488.90000000000873,
      "holdings": {
        "SHSE.517520": 7400,
        "SZSE.159227": 12500,
        "SZSE.159745": 26500,
        "SZSE.159206": 9800,
        "SZSE.159638": 16100
      },
      "pos_records": {
        "SHSE.517520": {
          "entry_price": 2.554,
          "high_price": 2.554
        },
        "SZSE.159227": {
          "entry_price": 1.521,
          "high_price": 1.521
        },
        "SZSE.159745": {
          "entry_price": 0.721,
          "high_price": 0.721
        },
        "SZSE.159206": {
          "entry_price": 1.937,
          "high_price": 1.937
        },
        "SZSE.159638": {
          "entry_price": 1.187,
          "high_price": 1.187
        }
      },
      "total_value": 95600.8,
      "guard_triggered_today": false
    },
    {
      "id": 4,
      "cash": 329.8999999999687,
      "holdings": {
        "SHSE.517520": 6900,
        "SZSE.159638": 14800,
        "SHSE.512710": 19700,
        "SZSE.159206": 9100,
        "SZSE.159326": 10000
      },
      "pos_records": {
        "SHSE.517520": {
          "entry_price": 2.554,
          "high_price": 2.554
        },
        "SZSE.159638": {
          "entry_price": 1.187,
          "high_price": 1.187
        },
        "SHSE.512710": {
          "entry_price": 0.897,
          "high_price": 0.897
        },
        "SZSE.159206": {
          "entry_price": 1.937,
          "high_price": 1.937
        },
        "SZSE.159326": {
          "entry_price": 1.757,
          "high_price": 1.757
        }
      },
      "total_value": 88387.69999999997,
      "guard_triggered_today": false
    },
    {
      "id": 5,
      "cash": 129437.90000000002,
      "holdings": {},
      "pos_records": {},
      "total_value": 129437.90000000002,
      "guard_triggered_today": false
    },
    {
      "id": 6,
      "cash": 25452.60000000007,
      "holdings": {
        "SHSE.512980": 21700,
        "SHSE.512710": 31200,
        "SZSE.159638": 23500,
        "SZSE.159852": 27000
      },
      "pos_records": {
        "SHSE.512980": {
          "entry_price": 1.322,
          "high_price": 1.322
        },
        "SHSE.512710": {
          "entry_price": 0.917,
          "high_price": 0.917
        },
        "SZSE.159638": {
          "entry_price": 1.219,
          "high_price": 1.219
        },
        "SZSE.159852": {
          "entry_price": 1.06,
          "high_price": 1.06
        }
      },
      "total_value": 133394.20000000007,
      "guard_triggered_today": false
    },
    {
      "id": 7,
      "cash": 128657.1,
      "holdings": {},
      "pos_records": {},
      "total_value": 128657.1,
      "guard_triggered_today": false
    },
    {
      "id": 8,
      "cash": 322.4999999999418,
      "holdings": {
        "SHSE.512980": 17400,
        "SZSE.159206": 10500,
        "SZSE.159516": 10500,
        "SHSE.560860": 11300,
        "SHSE.512400": 9500
      },
      "pos_records": {
        "SHSE.512980": {
          "entry_price": 1.189,
          "high_price": 1.189
        },
        "SZSE.159206": {
          "entry_price": 1.974,
          "high_price": 1.975
        },
        "SZSE.159516": {
          "entry_price": 1.964,
          "high_price": 1.964
        },
        "SHSE.560860": {
          "entry_price": 1.835,
          "high_price": 1.86
        },
        "SHSE.512400": {
          "entry_price": 2.175,
          "high_price": 2.253
        }
      },
      "total_value": 103330.79999999994,
      "guard_triggered_today": false
    },
    {
      "id": 9,
      "cash": 321.29999999997744,
      "holdings": {
        "SZSE.159516": 10400,
        "SZSE.159206": 10300,
        "SHSE.512980": 17200,
        "SZSE.159599": 8600
      },
      "pos_records": {
        "SZSE.159516": {
          "entry_price": 1.954,
          "high_price": 1.954
        },
        "SZSE.159206": {
          "entry_price": 1.975,
          "high_price": 1.975
        },
        "SHSE.512980": {
          "entry_price": 1.185,
          "high_price": 1.185
        },
        "SZSE.159599": {
          "entry_price": 2.372,
          "high_price": 2.451
        }
      },
      "total_value": 81284.79999999999,
      "guard_triggered_today": false
    }
  ]
}