{
  "params": {
    "T": 12,
    "top_n": 5
  },
  "initialized": true,
  "tranches": [
    {
      "id": 0,
      "cash": 44290.03333333328,
      "holdings": {
        "SZSE.159638": 20200,
        "SHSE.512710": 26800,
        "SZSE.159852": 23200
      },
      "pos_records": {
        "SZSE.159638": {
          "entry_price": 1.219,
          "high_price": 1.219
        },
        "SHSE.512710": {
          "entry_price": 0.917,
          "high_price": 0.917
        },
        "SZSE.159852": {
          "entry_price": 1.06,
          "high_price": 1.06
        }
      },
      "total_value": 115019.8333333333,
      "guard_triggered_today": false
    },
    {
      "id": 1,
      "cash": 285.53333333338014,
      "holdings": {
        "SHSE.512980": 11500,
        "SZSE.159206": 7400,
        "SHSE.515400": 12900,
        "SZSE.159638": 12600,
        "SZSE.159852": 14000
      },
      "pos_records": {
        "SHSE.512980": {
          "entry_price": 1.259,
          "high_price": 1.259
        },
        "SZSE.159206": {
          "entry_price": 1.968,
          "high_price": 1.975
        },
        "SHSE.515400": {
          "entry_price": 1.127,
          "high_price": 1.127
        },
        "SZSE.159638": {
          "entry_price": 1.156,
          "high_price": 1.187
        },
        "SZSE.159852": {
          "entry_price": 1.04,
          "high_price": 1.04
        }
      },
      "total_value": 70717.63333333338,
      "guard_triggered_today": false
    },
    {
      "id": 2,
      "cash": 445.8333333333576,
      "holdings": {
        "SHSE.512980": 18700,
        "SZSE.159206": 11200,
        "SZSE.159516": 11300,
        "SHSE.560860": 12100,
        "SHSE.512400": 10200
      },
      "pos_records": {
        "SHSE.512980": {
          "entry_price": 1.189,
          "high_price": 1.189
        },
        "SZSE.159206": {
          "entry_price": 1.974,
          "high_price": 1.975
        },
        "SZSE.159516": {
          "entry_price": 1.964,
          "high_price": 1.964
        },
        "SHSE.560860": {
          "entry_price": 1.835,
          "high_price": 1.86
        },
        "SHSE.512400": {
          "entry_price": 2.175,
          "high_price": 2.253
        }
      },
      "total_value": 110912.13333333336,
      "guard_triggered_today": false
    },
    {
      "id": 3,
      "cash": 462.83333333336486,
      "holdings": {
        "SZSE.159516": 9600,
        "SZSE.159206": 9500,
        "SHSE.512980": 15900,
        "SZSE.159599": 7900,
        "SHSE.560860": 10300
      },
      "pos_records": {
        "SZSE.159516": {
          "entry_price": 1.954,
          "high_price": 1.954
        },
        "SZSE.159206": {
          "entry_price": 1.975,
          "high_price": 1.975
        },
        "SHSE.512980": {
          "entry_price": 1.185,
          "high_price": 1.185
        },
        "SZSE.159599": {
          "entry_price": 2.372,
          "high_price": 2.451
        },
        "SHSE.560860": {
          "entry_price": 1.826,
          "high_price": 1.86
        }
      },
      "total_value": 94202.93333333338,
      "guard_triggered_today": false
    },
    {
      "id": 4,
      "cash": 320.93333333325427,
      "holdings": {
        "SZSE.159326": 10300,
        "SZSE.159516": 9500,
        "SZSE.159206": 9700,
        "SHSE.512710": 21400,
        "SZSE.159638": 16200
      },
      "pos_records": {
        "SZSE.159326": {
          "entry_price": 1.8,
          "high_price": 1.8
        },
        "SZSE.159516": {
          "entry_price": 1.942,
          "high_price": 1.945
        },
        "SZSE.159206": {
          "entry_price": 1.895,
          "high_price": 1.937
        },
        "SHSE.512710": {
          "entry_price": 0.866,
          "high_price": 0.897
        },
        "SZSE.159638": {
          "entry_price": 1.145,
          "high_price": 1.187
        }
      },
      "total_value": 93672.63333333324,
      "guard_triggered_today": false
    },
    {
      "id": 5,
      "cash": 435.73333333335177,
      "holdings": {
        "SZSE.159326": 14500,
        "SZSE.159516": 13300,
        "SHSE.517520": 10000,
        "SZSE.159206": 13800,
        "SZSE.159745": 37400
      },
      "pos_records": {
        "SZSE.159326": {
          "entry_price": 1.779,
          "high_price": 1.779
        },
        "SZSE.159516": {
          "entry_price": 1.945,
          "high_price": 1.945
        },
        "SHSE.517520": {
          "entry_price": 2.591,
          "high_price": 2.591
        },
        "SZSE.159206": {
          "entry_price": 1.873,
          "high_price": 1.937
        },
        "SZSE.159745": {
          "entry_price": 0.694,
          "high_price": 0.721
        }
      },
      "total_value": 130404.93333333335,
      "guard_triggered_today": false
    },
    {
      "id": 6,
      "cash": 372.4333333332979,
      "holdings": {
        "SZSE.159731": 20700,
        "SHSE.517520": 8300,
        "SZSE.159326": 12100,
        "SZSE.159206": 10900,
        "SZSE.159516": 11200
      },
      "pos_records": {
        "SZSE.159731": {
          "entry_price": 1.026,
          "high_price": 1.026
        },
        "SHSE.517520": {
          "entry_price": 2.554,
          "high_price": 2.554
        },
        "SZSE.159326": {
          "entry_price": 1.757,
          "high_price": 1.757
        },
        "SZSE.159206": {
          "entry_price": 1.937,
          "high_price": 1.937
        },
        "SZSE.159516": {
          "entry_price": 1.899,
          "high_price": 1.899
        }
      },
      "total_value": 106450.6333333333,
      "guard_triggered_today": false
    },
    {
      "id": 7,
      "cash": 281.6333333333787,
      "holdings": {
        "SHSE.517520": 7500,
        "SZSE.159206": 9900,
        "SZSE.159745": 26600,
        "SHSE.512710": 21400,
        "SZSE.159227": 12600
      },
      "pos_records": {
        "SHSE.517520": {
          "entry_price": 2.554,
          "high_price": 2.554
        },
        "SZSE.159206": {
          "entry_price": 1.937,
          "high_price": 1.937
        },
        "SZSE.159745": {
          "entry_price": 0.721,
          "high_price": 0.721
        },
        "SHSE.512710": {
          "entry_price": 0.897,
          "high_price": 0.897
        },
        "SZSE.159227": {
          "entry_price": 1.521,
          "high_price": 1.521
        }
      },
      "total_value": 96151.93333333338,
      "guard_triggered_today": false
    },
    {
      "id": 8,
      "cash": 336.43333333337796,
      "holdings": {
        "SHSE.517520": 6500,
        "SZSE.159206": 8600,
        "SHSE.512710": 18500,
        "SZSE.159731": 16200,
        "SZSE.159326": 9400
      },
      "pos_records": {
        "SHSE.517520": {
          "entry_price": 2.554,
          "high_price": 2.554
        },
        "SZSE.159206": {
          "entry_price": 1.937,
          "high_price": 1.937
        },
        "SHSE.512710": {
          "entry_price": 0.897,
          "high_price": 0.897
        },
        "SZSE.159731": {
          "entry_price": 1.026,
          "high_price": 1.026
        },
        "SZSE.159326": {
          "entry_price": 1.757,
          "high_price": 1.757
        }
      },
      "total_value": 83327.13333333338,
      "guard_triggered_today": false
    },
    {
      "id": 9,
      "cash": 38421.53333333335,
      "holdings": {
        "SZSE.159227": 8000,
        "SHSE.512670": 12100
      },
      "pos_records": {
        "SZSE.159227": {
          "entry_price": 1.567,
          "high_price": 1.682
        },
        "SHSE.512670": {
          "entry_price": 1.033,
          "high_price": 1.106
        }
      },
      "total_value": 63064.633333333346,
      "guard_triggered_today": false
    },
    {
      "id": 10,
      "cash": 74604.7333333334,
      "holdings": {
        "SHSE.512980": 16400
      },
      "pos_records": {
        "SHSE.512980": {
          "entry_price": 1.283,