{
  "params": {
    "T": 14,
    "top_n": 5
  },
  "initialized": true,
  "tranches": [
    {
      "id": 0,
      "cash": 276.171428571417,
      "holdings": {
        "SZSE.159869": 11500,
        "SHSE.516510": 12000,
        "SZSE.159852": 12600,
        "SZSE.159851": 11200,
        "SHSE.515400": 13600
      },
      "pos_records": {
        "SZSE.159869": {
          "entry_price": 1.32,
          "high_price": 1.364
        },
        "SHSE.516510": {
          "entry_price": 1.267,
          "high_price": 1.267
        },
        "SZSE.159852": {
          "entry_price": 1.21,
          "high_price": 1.21
        },
        "SZSE.159851": {
          "entry_price": 1.358,
          "high_price": 1.358
        },
        "SHSE.515400": {
          "entry_price": 1.115,
          "high_price": 1.115
        }
      },
      "total_value": 72527.17142857143,
      "guard_triggered_today": false
    },
    {
      "id": 1,
      "cash": 478.47142857144536,
      "holdings": {
        "SZSE.159869": 7000,
        "SHSE.516510": 7300,
        "SZSE.159852": 7700,
        "SZSE.159851": 6900,
        "SZSE.159995": 7200
      },
      "pos_records": {
        "SZSE.159869": {
          "entry_price": 1.292,
          "high_price": 1.364
        },
        "SHSE.516510": {
          "entry_price": 1.241,
          "high_price": 1.265
        },
        "SZSE.159852": {
          "entry_price": 1.176,
          "high_price": 1.18
        },
        "SZSE.159851": {
          "entry_price": 1.316,
          "high_price": 1.34
        },
        "SZSE.159995": {
          "entry_price": 1.27,
          "high_price": 1.282
        }
      },
      "total_value": 44772.97142857144,
      "guard_triggered_today": false
    },
    {
      "id": 2,
      "cash": 301.37142857145227,
      "holdings": {
        "SZSE.159995": 12500,
        "SZSE.159869": 11800,
        "SHSE.515880": 13700,
        "SZSE.159732": 21200,
        "SHSE.516510": 12700
      },
      "pos_records": {
        "SZSE.159995": {
          "entry_price": 1.282,
          "high_price": 1.282
        },
        "SZSE.159869": {
          "entry_price": 1.364,
          "high_price": 1.364
        },
        "SHSE.515880": {
          "entry_price": 1.168,
          "high_price": 1.168
        },
        "SZSE.159732": {
          "entry_price": 0.758,
          "high_price": 0.758
        },
        "SHSE.516510": {
          "entry_price": 1.265,
          "high_price": 1.265
        }
      },
      "total_value": 77956.87142857145,
      "guard_triggered_today": false
    },
    {
      "id": 3,
      "cash": 69660.57142857148,
      "holdings": {},
      "pos_records": {},
      "total_value": 69660.57142857148,
      "guard_triggered_today": false
    },
    {
      "id": 4,
      "cash": 361.6714285714461,
      "holdings": {
        "SZSE.159611": 14100,
        "SZSE.159755": 14500,
        "SZSE.159796": 15200,
        "SZSE.159995": 10000,
        "SZSE.159869": 9400
      },
      "pos_records": {
        "SZSE.159611": {
          "entry_price": 0.886,
          "high_price": 0.886
        },
        "SZSE.159755": {
          "entry_price": 0.863,
          "high_price": 0.863
        },
        "SZSE.159796": {
          "entry_price": 0.821,
          "high_price": 0.821
        },
        "SZSE.159995": {
          "entry_price": 1.244,
          "high_price": 1.244
        },
        "SZSE.159869": {
          "entry_price": 1.324,
          "high_price": 1.324
        }
      },
      "total_value": 62732.57142857144,
      "guard_triggered_today": false
    },
    {
      "id": 5,
      "cash": 50406.171428571455,
      "holdings": {
        "SHSE.515880": 21400
      },
      "pos_records": {
        "SHSE.515880": {
          "entry_price": 1.05,
          "high_price": 1.168
        }
      },
      "total_value": 74523.97142857146,
      "guard_triggered_today": false
    },
    {
      "id": 6,
      "cash": 34018.37142857144,
      "holdings": {
        "SHSE.515880": 13900,
        "SHSE.515050": 15500
      },
      "pos_records": {
        "SHSE.515880": {
          "entry_price": 1.086,
          "high_price": 1.168
        },
        "SHSE.515050": {
          "entry_price": 0.975,
          "high_price": 1.061
        }
      },
      "total_value": 65602.17142857144,
      "guard_triggered_today": false
    },
    {
      "id": 7,
      "cash": 27220.471428571484,
      "holdings": {
        "SZSE.159819": 13600,
        "SHSE.515880": 11800,
        "SHSE.512980": 15600
      },
      "pos_records": {
        "SZSE.159819": {
          "entry_price": 0.942,
          "high_price": 1.015
        },
        "SHSE.515880": {
          "entry_price": 1.087,
          "high_price": 1.168
        },
        "SHSE.512980": {
          "entry_price": 0.82,
          "high_price": 0.89
        }
      },
      "total_value": 67608.67142857148,
      "guard_triggered_today": false
    },
    {
      "id": 8,
      "cash": 22992.87142857142,
      "holdings": {
        "SHSE.512980": 13300,
        "SZSE.159819": 11700,
        "SZSE.159998": 10200
      },
      "pos_records": {
        "SHSE.512980": {
          "entry_price": 0.828,
          "high_price": 0.89
        },
        "SZSE.159819": {
          "entry_price": 0.936,
          "high_price": 1.015
        },
        "SZSE.159998": {
          "entry_price": 1.079,
          "high_price": 1.165
        }
      },
      "total_value": 57349.37142857142,
      "guard_triggered_today": false
    },
    {
      "id": 9,
      "cash": 41643.571428571406,
      "holdings": {
        "SZSE.159883": 15100
      },
      "pos_records": {
        "SZSE.159883": {
          "entry_price": 0.658,
          "high_price": 0.671
        }
      },
      "total_value": 51715.2714285714,
      "guard_triggered_today": false
    },
    {
      "id": 10,
      "cash": 54735.17142857144,
      "holdings": {
        "SHSE.512690": 14200
      },
      "pos_records": {
        "SHSE.512690": {
          "entry_price": 0.912,
          "high_price": 0.925
        }
      },
      "total_value": 67074.97142857144,
      "guard_triggered_today": false
    },
    {
      "id": 11,
      "cash": 44238.67142857138,
      "holdings": {
        "SZSE.159995": 12000,
        "SHSE.512690": 14800
      },
      "pos_records": {
        "SZSE.159995": {
          "entry_price": 1.134,
          "high_price": 1.282
        },
        "SHSE.512690": {
          "entry_price": 0.924,
          "high_price": 0.925
        }
      },
      "total_value": 72027.87142857138,
      "guard_triggered_today": false
    },
    {
      "id": 12,
      "cash": 218.87142857143044,
      "holdings": {
        "SZSE.159766": 11100,
        "SZSE.159930": 10600,
        "SHSE.512690": 13300,
        "SHSE.515650": 9400,
        "SHSE.515220": 5500
      },
      "pos_records": {
        "SZSE.159766": {
          "entry_price": 1.099,
          "high_price": 1.137
        },
        "SZSE.159930": {
          "entry_price": 1.152,
          "high_price": 1.167
        },
        "SHSE.512690": {
          "entry_price": 0.92,
          "high_price": 0.925
        },
        "SHSE.515650": {
          "entry_price": 1.295,
          "high_price": 1.295
        },
        "SHSE.515220": {
          "entry_price": 2.21,
          "high_price": 2.214
        }
      },
      "total_value": 60057.07142857143,
      "guard_triggered_today": false
    },
    {
      "id": 13,
      "cash": 403.97142857146537,
      "holdings": {
        "SZSE.159852": 11500,
        "SZSE.159869": 10700,
        "SHSE.516510": 11000,
        "SHSE.512980": 15900,
        "SZSE.159995": 11700
      },
      "pos_records": {
        "SZSE.159852": {
          "entry_price": 1.22,
          "high_price": 1.22
        },
        "SZSE.159869": {
          "entry_price": 1.312,
          "high_price": 1.364
        },
        "SHSE.516510": {
          "entry_price": 1.275,