{
  "params": {
    "T": 14,
    "top_n": 5
  },
  "initialized": true,
  "tranches": [
    {
      "id": 0,
      "cash": 115.77142857137733,
      "holdings": {
        "SHSE.512670": 23800,
        "SHSE.512710": 27700,
        "SHSE.562800": 32400,
        "SZSE.159638": 21400,
        "SZSE.159825": 25700
      },
      "pos_records": {
        "SHSE.512670": {
          "entry_price": 0.702,
          "high_price": 0.756
        },
        "SHSE.512710": {
          "entry_price": 0.604,
          "high_price": 0.643
        },
        "SHSE.562800": {
          "entry_price": 0.517,
          "high_price": 0.543
        },
        "SZSE.159638": {
          "entry_price": 0.783,
          "high_price": 0.83
        },
        "SZSE.159825": {
          "entry_price": 0.652,
          "high_price": 0.667
        }
      },
      "total_value": 88416.77142857137,
      "guard_triggered_today": false
    },
    {
      "id": 1,
      "cash": 280.17142857145336,
      "holdings": {
        "SHSE.560280": 6300,
        "SHSE.517520": 7300,
        "SHSE.512670": 12300,
        "SHSE.512800": 5800,
        "SHSE.515210": 7000
      },
      "pos_records": {
        "SHSE.560280": {
          "entry_price": 1.398,
          "high_price": 1.423
        },
        "SHSE.517520": {
          "entry_price": 1.198,
          "high_price": 1.215
        },
        "SHSE.512670": {
          "entry_price": 0.714,
          "high_price": 0.756
        },
        "SHSE.512800": {
          "entry_price": 1.502,
          "high_price": 1.502
        },
        "SHSE.515210": {
          "entry_price": 1.261,
          "high_price": 1.286
        }
      },
      "total_value": 45069.271428571454,
      "guard_triggered_today": false
    },
    {
      "id": 2,
      "cash": 120.07142857142026,
      "holdings": {
        "SHSE.517520": 52600
      },
      "pos_records": {
        "SHSE.517520": {
          "entry_price": 1.212,
          "high_price": 1.215
        }
      },
      "total_value": 63871.27142857142,
      "guard_triggered_today": false
    },
    {
      "id": 3,
      "cash": 171.67142857148428,
      "holdings": {
        "SHSE.512670": 16300,
        "SHSE.515210": 9500,
        "SHSE.512690": 19600,
        "SZSE.159638": 14800,
        "SHSE.512710": 19100
      },
      "pos_records": {
        "SHSE.512670": {
          "entry_price": 0.734,
          "high_price": 0.756
        },
        "SHSE.515210": {
          "entry_price": 1.266,
          "high_price": 1.286
        },
        "SHSE.512690": {
          "entry_price": 0.613,
          "high_price": 0.629
        },
        "SZSE.159638": {
          "entry_price": 0.81,
          "high_price": 0.83
        },
        "SHSE.512710": {
          "entry_price": 0.627,
          "high_price": 0.643
        }
      },
      "total_value": 61605.171428571484,
      "guard_triggered_today": false
    },
    {
      "id": 4,
      "cash": 252.87142857146137,
      "holdings": {
        "SHSE.512670": 11100,
        "SHSE.562800": 15500,
        "SHSE.515220": 8400,
        "SHSE.560860": 9600,
        "SHSE.560280": 5900
      },
      "pos_records": {
        "SHSE.512670": {
          "entry_price": 0.756,
          "high_price": 0.756
        },
        "SHSE.562800": {
          "entry_price": 0.543,
          "high_price": 0.543
        },
        "SHSE.515220": {
          "entry_price": 1.007,
          "high_price": 1.007
        },
        "SHSE.560860": {
          "entry_price": 0.878,
          "high_price": 0.878
        },
        "SHSE.560280": {
          "entry_price": 1.421,
          "high_price": 1.421
        }
      },
      "total_value": 42332.471428571465,
      "guard_triggered_today": false
    },
    {
      "id": 5,
      "cash": 158.27142857146464,
      "holdings": {
        "SHSE.562500": 18900,
        "SZSE.159667": 15900,
        "SZSE.159516": 16900,
        "SZSE.159869": 14600
      },
      "pos_records": {
        "SHSE.562500": {
          "entry_price": 0.974,
          "high_price": 1.028
        },
        "SZSE.159667": {
          "entry_price": 1.16,
          "high_price": 1.225
        },
        "SZSE.159516": {
          "entry_price": 1.092,
          "high_price": 1.13
        },
        "SZSE.159869": {
          "entry_price": 1.259,
          "high_price": 1.298
        }
      },
      "total_value": 74757.17142857146,
      "guard_triggered_today": false
    },
    {
      "id": 6,
      "cash": 161.57142857142208,
      "holdings": {
        "SHSE.512170": 37800,
        "SZSE.159859": 36300,
        "SZSE.159638": 17600,
        "SHSE.512670": 20000,
        "SHSE.562500": 13600
      },
      "pos_records": {
        "SHSE.512170": {
          "entry_price": 0.364,
          "high_price": 0.364
        },
        "SZSE.159859": {
          "entry_price": 0.379,
          "high_price": 0.379
        },
        "SZSE.159638": {
          "entry_price": 0.781,
          "high_price": 0.83
        },
        "SHSE.512670": {
          "entry_price": 0.689,
          "high_price": 0.756
        },
        "SHSE.562500": {
          "entry_price": 1.011,
          "high_price": 1.028
        }
      },
      "total_value": 69964.57142857142,
      "guard_triggered_today": false
    },
    {
      "id": 7,
      "cash": 111.27142857147555,
      "holdings": {
        "SHSE.515400": 28900,
        "SHSE.562500": 31200,
        "SZSE.159667": 26700
      },
      "pos_records": {
        "SHSE.515400": {
          "entry_price": 1.089,
          "high_price": 1.089
        },
        "SHSE.562500": {
          "entry_price": 1.008,
          "high_price": 1.028
        },
        "SZSE.159667": {
          "entry_price": 1.179,
          "high_price": 1.225
        }
      },
      "total_value": 93220.67142857147,
      "guard_triggered_today": false
    },
    {
      "id": 8,
      "cash": 191.97142857142353,
      "holdings": {
        "SZSE.159378": 14200,
        "SHSE.515400": 15200,
        "SHSE.562500": 16100
      },
      "pos_records": {
        "SZSE.159378": {
          "entry_price": 1.144,
          "high_price": 1.169
        },
        "SHSE.515400": {
          "entry_price": 1.07,
          "high_price": 1.073
        },
        "SHSE.562500": {
          "entry_price": 1.014,
          "high_price": 1.028
        }
      },
      "total_value": 48377.87142857142,
      "guard_triggered_today": false
    },
    {
      "id": 9,
      "cash": 223.87142857140861,
      "holdings": {
        "SHSE.516520": 8600,
        "SHSE.560280": 8000,
        "SHSE.515400": 10000,
        "SHSE.562500": 10400
      },
      "pos_records": {
        "SHSE.516520": {
          "entry_price": 1.238,
          "high_price": 1.238
        },
        "SHSE.560280": {
          "entry_price": 1.341,
          "high_price": 1.423
        },
        "SHSE.515400": {
          "entry_price": 1.073,
          "high_price": 1.073
        },
        "SHSE.562500": {
          "entry_price": 1.028,
          "high_price": 1.028
        }
      },
      "total_value": 42345.87142857141,
      "guard_triggered_today": false
    },
    {
      "id": 10,
      "cash": 67833.37142857147,
      "holdings": {},
      "pos_records": {},
      "total_value": 67833.37142857147,
      "guard_triggered_today": false
    },
    {
      "id": 11,
      "cash": 174.37142857139224,
      "holdings": {
        "SHSE.512690": 23400,
        "SHSE.515170": 24300,
        "SHSE.515650": 12300,
        "SHSE.515210": 11300
      },
      "pos_records": {
        "SHSE.512690": {
          "entry_price": 0.602,
          "high_price": 0.629
        },
        "SHSE.515170": {
          "entry_price": 0.578,
          "high_price": 0.594
        },
        "SHSE.515650": {
          "entry_price": 1.138,
          "high_price": 1.155
        },
        "SHSE.515210": {
          "entry_price": 1.244,
          "high_price": 1.286
        }
      },