Universe,Return,MaxDD
Strong,128.6020883850477,-25.246147518680758
Weak,130.86095332290574,-25.246147518680758
Merged,126.20014244470146,-25.246147518680758
CSI300,48.16840044274129,0.0
ChiNext,121.43331121433314,0.0
